ID,melanin_level,Devo_Day,Treatment,Day in,Time in,Time out,Total time,Chamber_Humidty,Chamber Temp- MIN,Chamber temp- MAX,Avg_Temp,before_mass,after_mass,frass_mass,delta_mass,percent_mass_change,before_osmo,after_osmo,delta_osmo,Exp Notes,gray_value_R,gray_value_G,gray_value_B,mean_gray_value,melanin_percent_R,melanin_percent_G,melanin_percent_B,mean_melanin_percent,,,,,,,
D001,min,19,S,8/15/22,6:02 PM,10:02 AM,16,7-10%,37,37,37,5.58,5.01,0.09,0.66,0.11827957,,,,,21.889,18.762,18.867,19.83933333,28.634,21.02,24.335,24.663,,,,,,,
D002,max,19,C,8/15/22,6:02 PM,10:02 AM,16,7-10%,37,37,37,4.53,4.09,0.04,0.48,0.105960265,,,,,12.143,12.312,11.828,12.09433333,79.752,79.722,82.598,80.69066667,,,,,,,
D003,min,19,S,8/15/22,6:02 PM,10:02 AM,16,7-10%,37,37,37,3.57,3.23,0.04,0.38,0.106442577,,,,,22.576,19.759,19.896,20.74366667,9.732,7.191,8.748,8.557,,,,,,,
D006,max,19,C,8/15/22,6:02 PM,10:02 AM,16,7-10%,37,37,37,4.62,4.02,0.05,0.65,0.140692641,,,,,13.065,13.376,13.01,13.15033333,72.156,72.778,75.868,73.60066667,,,,,,,
D007,mn,19,S,8/15/22,6:02 PM,10:02 AM,16,7-10%,37,37,37,5.4,4.85,0.02,0.57,0.105555556,,,,,19.224,17.707,17.219,18.05,13.589,11.214,12.72,12.50766667,,,,,,,
D009,max,19,C,8/15/22,6:02 PM,10:02 AM,16,7-10%,37,37,37,5.15,4.7,0.05,0.5,0.097087379,,,,,14.331,14.553,13.92,14.268,67.586,66.978,70.253,68.27233333,,,,,,,
D010,min,19,S,8/16/22,7:11-7:52 AM,11:11-11:53 AM,16,7-10%,37,37,37,3.34,2.74,0,0.6,0.179640719,392,354,-38,Lots of vomit,21.692,18.31,18.243,19.415,9.498,6.516,8.116,8.043333333,,,,,,,
D011,min,18,S,8/16/22,7:11-7:52 AM,11:11-11:53 AM,16,7-10%,37,37,37,5.55,4.32,0,1.23,0.221621622,376,389,13,,21.14,18.01,17.616,18.922,12.513,9.346,11.496,11.11833333,,,,,,,
D012,min,19,S,8/16/22,7:11-7:52 AM,11:11-11:53 AM,16,7-10%,37,37,37,4.95,4.43,0,0.52,0.105050505,372,398,26,,19.716,18.974,18.864,19.18466667,11.609,10.671,12.922,11.734,,,,,,,
D013,max,18,C,8/16/22,7:11-7:52 AM,11:11-11:53 AM,16,7-10%,37,37,37,3.17,2.45,0,0.72,0.227129338,340,350,10,,12.792,12.583,11.16,12.17833333,88.394,88.875,90.305,89.19133333,,,,,,,
D014,med,18,C,8/16/22,7:11-7:52 AM,11:11-11:53 AM,16,7-10%,37,37,37,3.57,2.69,0.03,0.91,0.254901961,361,385,24,,14.16,13.945,14.104,14.06966667,63.145,61.012,67.854,64.00366667,,,,,,,
D015,max,19,C,8/16/22,7:11-7:52 AM,11:11-11:53 AM,16,7-10%,37,37,37,2.82,2.12,0.01,0.71,0.25177305,,,,Lots of toruble getting hemo; maybe in freezer for too long ,13.812,13.608,12.443,13.28766667,76.95,78.119,82.242,79.10366667,,,,,,,
D016,max,19,C,8/16/22,7:11-7:52 AM,11:11-11:53 AM,16,7-10%,37,37,37,2.51,2.07,0,0.44,0.175298805,369,412,43,,12.841,12.825,11.913,12.52633333,83.604,84.601,87.662,85.289,,,,,,,
D017,min,18,S,8/16/22,7:11-7:52 AM,11:11-11:53 AM,16,7-10%,37,37,37,4.61,3.98,0.01,0.64,0.138828633,377,402,25,,18.763,18.653,17.598,18.338,17.252,16.716,19.394,17.78733333,,,,,,,
D018,med,19,C,8/16/22,7:11-7:52 AM,11:11-11:53 AM,16,7-10%,37,37,37,4.17,3.43,0.04,0.78,0.18705036,351,350,-1,,14.03,13.792,13.16,13.66066667,45.854,44.928,48.621,46.46766667,,,,,,,
D019,med,18,S,8/16/22,7:11-7:52 AM,11:11-11:53 AM,16,7-10%,37,37,37,5.02,4.25,0.01,0.78,0.155378486,356,369,13,,14.725,14.575,14.468,14.58933333,44.334,43.527,48.04,45.30033333,,,,,,,
D030,med,19,C,8/24/22,8:16 AM,12:16 PM,16,7-10%,38.1,38.7,38.4,5.25,4.84,0.043,0.453,0.086285714,,,,,17.177,15.17,15.068,15.805,60.356,52.054,57.363,56.591,,,,,,,
D031,med,19,C,8/24/22,8:16 AM,12:16 PM,16,7-10%,38.1,38.7,38.4,5.04,4.66,0.018,0.398,0.078968254,,,,,18.616,16.123,17.126,17.28833333,42.845,35.059,42.463,40.12233333,,,,,,,
D032,max,19,C,8/24/22,8:16 AM,12:16 PM,16,7-10%,38.1,38.7,38.4,2.35,2.11,0.006,0.246,0.104680851,,,,,13.71,13.889,13.262,13.62033333,80.219,80.845,83.989,81.68433333,,,,,,,
D033,med,19,C,8/24/22,8:16 AM,12:16 PM,16,7-10%,38.1,38.7,38.4,6.19,5.56,0.043,0.673,0.108723748,,,,,18.129,16.751,17.108,17.32933333,40.778,35.748,42.289,39.605,,,,,,,
D034,max,18,S,8/24/22,8:16 AM,12:16 PM,16,7-10%,38.1,38.7,38.4,2.77,2.53,0.0036,0.2436,0.087942238,,,,,12.753,13.081,12.513,12.78233333,83.898,84.482,86.984,85.12133333,,,,,,,
D035,min,19,S,8/24/22,8:16 AM,12:16 PM,16,7-10%,38.1,38.7,38.4,4.95,4.38,0.009,0.579,0.116969697,,,,,25.636,19.966,23.284,22.962,22.411,8.744,14.348,15.16766667,,,,,,,
D036,med,18,S,8/24/22,8:16 AM,12:16 PM,16,7-10%,38.1,38.7,38.4,5.93,5.06,0.05,0.92,0.155143339,,,,,15.908,15.566,15.891,15.78833333,35.572,34.512,39.96,36.68133333,,,,,,,
D037,min,19,S,8/24/22,8:16 AM,12:16 PM,16,7-10%,38.1,38.7,38.4,5.88,5.316,0.0698,0.6338,0.107789116,,,,,22.624,18.021,19.659,20.10133333,27.988,17.409,24.465,23.28733333,,,,,,,
D038,min,19,S,8/24/22,8:16 AM,12:16 PM,16,7-10%,38.1,38.7,38.4,6.04,5.46,0.0668,0.6468,0.107086093,,,,,24.093,21.13,22.018,22.41366667,18.72,12.602,16.671,15.99766667,,,,,,,
D039,max,19,C,8/24/22,8:16 AM,12:16 PM,16,7-10%,38.1,38.7,38.4,3.51,3.14,0.005,0.375,0.106837607,,,,,12.426,12.579,11.901,12.302,84.252,85.218,89.165,86.21166667,,,,,,,
D040,max,19,C,8/25/22,7:10 PM,11:10 AM,16,7-10%,38.1,38.7,38.4,5.01,4.62,0.009,0.399,0.079640719,,,,,11.196,11.506,10.856,11.186,85.245,85.605,87.547,86.13233333,,,,,,,
D041,med,19,S,8/25/22,7:10 PM,11:10 AM,16,7-10%,38.1,38.7,38.4,6.54,5.91,0.006,0.636,0.097247706,,,,,20.84,18.208,19.425,19.491,29.969,23.116,30.042,27.709,,,,,,,
D042,max,18,C,8/25/22,7:10 PM,11:10 AM,16,7-10%,38.1,38.7,38.4,1.35,1.25,0.006,0.106,0.078518519,,,,,9.832,10.184,9.658,9.891333333,83.613,84.61,87.596,85.273,,,,,,,
D043,min,19,C,8/25/22,7:10 PM,11:10 AM,16,7-10%,38.1,38.7,38.4,3.35,3.07,0.008,0.288,0.085970149,,,,,25.445,21.199,22.679,23.10766667,14.047,8.382,12.511,11.64666667,,,,,,,
D044,min,19,S,8/25/22,7:10 PM,11:10 AM,16,7-10%,38.1,38.7,38.4,5.79,4.85,0.064,1.004,0.173402418,,,,,23.978,20.701,23.028,22.569,20.925,12.116,20.522,17.85433333,,,,,,,
D045,min,19,S,8/25/22,7:10 PM,11:10 AM,16,7-10%,38.1,38.7,38.4,5.16,4.4,0.015,0.775,0.150193798,,,,,24.294,18.324,21.252,21.29,13.231,7.584,11.732,10.849,,,,,,,
D046,max,18,C,8/25/22,7:10 PM,11:10 AM,16,7-10%,38.1,38.7,38.4,1.54,1.42,0,0.12,0.077922078,,,,,10.246,10.527,9.911,10.228,83.816,84.69,87.584,85.36333333,,,,,,,
D047,med,19,C,8/25/22,7:10 PM,11:10 AM,16,7-10%,38.1,38.7,38.4,3.92,3.37,0.041,0.591,0.150765306,,,,,15.543,15.747,14.951,15.41366667,70.924,69.511,75.36,71.93166667,,,,,,,
D048,max,19,C,8/25/22,7:10 PM,11:10 AM,16,7-10%,38.1,38.7,38.4,3.22,2.91,0.02,0.33,0.102484472,,,,,15.17,15.32,14.772,15.08733333,65.2,65.311,69.057,66.52266667,,,,,,,
D049,med,19,C,8/25/22,7:10 PM,11:10 AM,16,7-10%,38.1,38.7,38.4,5.01,4.61,0.008,0.408,0.081437126,,,,,14.902,14.897,14.551,14.78333333,59.227,58.725,65.661,61.20433333,,,,,,,
D050,min,19,S,8/29/22,7:51 PM,11:51 AM,16,7-10%,38.1,38.7,38.4,4.74,4.29,0.062,0.512,0.108016878,,,,,26.802,18.066,22.04,22.30266667,9.537,3.636,6.244,6.472333333,,,,,,,
D051,med,19,S,8/29/22,7:51 PM,11:51 AM,16,7-10%,38.1,38.7,38.4,5.36,4.68,0.061,0.741,0.138246269,,,,,16.195,14.211,15.256,15.22066667,44.532,37.891,44.689,42.37066667,,,,,,,
D052,med,19,S,8/29/22,7:51 PM,11:51 AM,16,7-10%,38.1,38.7,38.4,5.4,4.86,0.045,0.585,0.108333333,,,,,17.539,15.867,17.005,16.80366667,56.625,49.241,59.483,55.11633333,,,,,,,
D053,med,19,S,8/29/22,7:51 PM,11:51 AM,16,7-10%,38.1,38.7,38.4,7.42,6.63,0.078,0.868,0.116981132,,,,,15.49,14.034,15.432,14.98533333,45.852,42.211,53.208,47.09033333,,,,,,,
D054,max,19,C,8/29/22,7:51 PM,11:51 AM,16,7-10%,38.1,38.7,38.4,2.48,2.28,0,0.2,0.080645161,,,,,9.52,9.799,9.08,9.466333333,88.246,88.855,91.101,89.40066667,,,,,,,
D055,min,19,S,8/29/22,7:51 PM,11:51 AM,16,7-10%,38.1,38.7,38.4,3.9,3.5,0.047,0.447,0.114615385,,,,,22.322,18.346,18.666,19.778,25.833,16.303,20.065,20.73366667,,,,,,,
D056,med,19,C,8/29/22,7:51 PM,11:51 AM,16,7-10%,38.1,38.7,38.4,2.48,2.25,0.021,0.251,0.101209677,,,,,17.909,17.395,17.294,17.53266667,46.571,44.47,51.277,47.43933333,,,,,,,
D057,max,19,C,8/29/22,7:51 PM,11:51 AM,16,7-10%,38.1,38.7,38.4,3.88,3.47,0.036,0.446,0.114948454,,,,,12.049,12.207,11.603,11.953,81.884,82.736,86.173,83.59766667,,,,,,,
D058,max,19,C,8/29/22,7:51 PM,11:51 AM,16,7-10%,38.1,38.7,38.4,1.89,1.71,0.007,0.187,0.098941799,,,,,11.829,11.966,11.296,11.697,83.556,84.639,84.494,84.22966667,,,,,,,
D059,min,19,S,8/29/22,7:51 PM,11:51 AM,16,7-10%,38.1,38.7,38.4,4.78,4.39,0.036,0.426,0.089121339,,,,,22.368,17.188,18.19,19.24866667,25.366,14.811,18.759,19.64533333,,,,,,,
D060,min,18,S,8/30/22,8:23 PM,12:23 PM,16,7-10%,38.1,38.7,38.4,4.43,3.59,0.004,0.844,0.190519187,330,346,16,Bubbles in b4 osmo,19.96,17.767,18.216,18.64766667,9.892,8.501,10.36,9.584333333,,,,,,,
D061,min,18,S,8/30/22,8:23 PM,12:23 PM,16,7-10%,38.1,38.7,38.4,4.23,3.51,0.013,0.733,0.173286052,333,362,29,threw up (after),22.574,17.341,20.567,20.16066667,12.232,7.9,12.145,10.759,,,,,,,
D062,med,18,S,8/30/22,8:23 PM,12:23 PM,16,7-10%,38.1,38.7,38.4,3.94,3.33,0.026,0.636,0.16142132,306,295,-11,threw up (after),13.117,12.859,12.981,12.98566667,67.915,65.191,74.007,69.03766667,,,,,,,
D063,med,18,S,8/30/22,8:23 PM,12:23 PM,16,7-10%,38.1,38.7,38.4,1.55,1.02,0.008,0.538,0.347096774,281,285,4,threw up (after); hemo not blue (after),14.766,14.679,14.543,14.66266667,60.586,59.052,71.559,63.73233333,,,,,,,
D064,min,18,S,8/30/22,8:23 PM,12:23 PM,16,7-10%,38.1,38.7,38.4,4.01,3.41,0.037,0.637,0.158852868,324,340,16,bubbles (b4); and unsure if enough hemo,18.974,18.659,19.568,19.067,5.133,5.048,6.785,5.655333333,,,,,,,
D065,med,17,S,8/30/22,8:23 PM,12:23 PM,16,7-10%,38.1,38.7,38.4,5.01,4.45,0.023,0.583,0.116367265,355,342,-13,took too long to put hemo in osmo,13.786,13.33,12.967,13.361,71.431,67.184,74.136,70.917,,,,,,,
D066,max,18,C,8/30/22,8:23 PM,12:23 PM,16,7-10%,38.1,38.7,38.4,4.65,4.04,0.035,0.645,0.138709677,355,364,9,threw up (after),11.924,11.351,11.819,11.698,77.866,78.141,81.345,79.11733333,,,,,,,
D067,max,17,C,8/30/22,8:23 PM,12:23 PM,16,7-10%,38.1,38.7,38.4,2.14,1.83,0,0.31,0.144859813,319,329,10,threw up (after) ,12.952,13.174,12.527,12.88433333,75.783,76.372,81.996,78.05033333,,,,,,,
D068,max,18,C,8/30/22,8:23 PM,12:23 PM,16,7-10%,38.1,38.7,38.4,4.49,4,0.021,0.511,0.113808463,352,371,19,threw up (after) ,11.311,11.549,10.797,11.219,80.993,81.405,84.665,82.35433333,,,,,,,
D069,max,18,C,8/30/22,8:23 PM,12:23 PM,16,7-10%,38.1,38.7,38.4,3.67,2.9,0.019,0.789,0.214986376,360,408,48,threw up (b4) ,13.335,12.489,12.935,12.91966667,74.919,75.203,78.102,76.07466667,,,,,,,
D070,med,19,C,9/6/22,7:49 PM,11:49 AM,16,7-10%,38,38.7,38.35,3.75,3.24,0.03,0.54,0.144,357,336,-21,threw up (b4) ,14.272,14.031,13.296,13.86633333,61.543,60.041,65.752,62.44533333,,,,,,,
D071,max,19,C,9/6/22,7:49 PM,11:49 AM,16,7-10%,38,38.7,38.35,3.29,2.93,0.0049,0.3649,0.110911854,301,322,21,threw up (b4); threw up (after); trouble with hemo (after),10.267,10.431,9.682,10.12666667,87.376,87.998,89.723,88.36566667,,,,,,,
D072,max,19,C,9/6/22,7:49 AM,11:49 AM,16,7-10%,38,38.7,38.35,4.95,4.31,0.05,0.69,0.139393939,373,337,-36,,12.41,12.499,11.719,12.20933333,82.493,83.089,85.999,83.86033333,,,,,,,
D073,med,19,C,9/6/22,7:49 PM,11:49 AM,16,7-10%,38,38.7,38.35,3.41,3.1,0.013,0.323,0.094721408,319,326,7,threw up (after),16.217,16.112,15.6,15.97633333,54.719,53.37,61.344,56.47766667,,,,,,,
D074,max,19,C,9/6/22,7:49 PM,11:49 AM,16,7-10%,38,38.7,38.35,2.19,1.9,0.02,0.31,0.141552511,326,340,14,threw up (b4) ,13.946,13.856,12.774,13.52533333,74.887,75.901,80.327,77.03833333,,,,,,,
D075,med,19,S,9/6/22,7:49 PM,11:49 AM,16,7-10%,38,38.7,38.35,5.61,5.1,0.05,0.56,0.099821747,310,307,-3,threw up a lot (after),17.647,15.986,16.608,16.747,45.865,38.044,45.431,43.11333333,,,,,,,
D076,min,19,S,9/6/22,7:49 PM,11:49 AM,16,7-10%,38,38.7,38.35,5.04,4.4,0.03,0.67,0.132936508,322,319,-3,,22.124,17.356,18.054,19.178,22.982,14.894,18.206,18.694,,,,,,,
D077,min,19,S,9/6/22,7:49 PM,11:49 AM,16,7-10%,38,38.7,38.35,6.34,5.44,0.12,1.02,0.160883281,320,279,-41,trouble getting hemo (b4),22.211,19.845,20.649,20.90166667,28.427,19.332,26.748,24.83566667,,,,,,,
D078,min,19,S,9/6/22,7:49 PM,11:49 AM,16,7-10%,38,38.7,38.35,4.93,4.32,0.02,0.63,0.127789047,320,305,-15,,24.366,17.844,20.734,20.98133333,19.153,9.218,14.376,14.249,,,,,,,
D079,min,19,S,9/6/22,7:49 PM,11:49 AM,16,7-10%,38,38.7,38.35,5.63,4.81,0.11,0.93,0.165186501,327,289,-38,,27.013,27.233,26.981,27.07566667,29.26,11.454,19.934,20.216,,,,,,,
D086,med,18,S,10/5/22,7:12 PM,11:12 AM,16,7-12%,37.7,38.7,38.2,6.095,5.42,0.0088,0.6838,0.11219032,,,,,15.405,14.192,14.857,14.818,51.301,45.726,54.053,50.36,,,,,,,
D087,min,18,S,10/5/22,7:12 PM,11:12 AM,16,7-12%,37.7,38.7,38.2,4.83,4.35,0.0026,0.4826,0.099917184,,,,,23.569,18.635,20.543,20.91566667,9.618,5.955,8.521,8.031333333,,,,,,,
D088,med,18,S,10/5/22,7:12 PM,11:12 AM,16,7-12%,37.7,38.7,38.2,3.099,2.698,0.03,0.431,0.139077122,,,,,15.17,14.362,14.996,14.84266667,39.354,37.527,44.581,40.48733333,,,,,,,
D089,med,17,C,10/5/22,7:12 PM,11:12 AM,16,7-12%,37.7,38.7,38.2,3.31,2.98,0.0069,0.3369,0.101782477,,,,,10.873,11.082,10.989,10.98133333,77.214,76.982,84.543,79.57966667,,,,,,,
D090,max,18,C,10/5/22,7:12 PM,11:12 AM,16,7-12%,37.7,38.7,38.2,5.98,5.3,0.09,0.77,0.128762542,,,,,12.261,12.445,11.779,12.16166667,77.557,77.699,81,78.752,,,,,,,
D091,med,18,S,10/5/22,7:12 PM,11:12 AM,16,7-12%,37.7,38.7,38.2,6.08,5.29,0.08,0.87,0.143092105,,,,,18.028,16.054,16.597,16.893,45.63,38.956,46.36,43.64866667,,,,,,,
D092,min,18,C,10/5/22,7:12 PM,11:12 AM,16,7-12%,37.7,38.7,,5.87,5.27,0.017,0.617,0.105110733,,,,,19.367,15.681,17.605,17.551,22.04,16.244,21.426,19.90333333,,,,,,,
D093,min,18,S,10/5/22,7:12 PM,11:12 AM,16,7-12%,37.7,38.7,38.2,3.62,3.24,0,0.38,0.104972376,,,,,19.271,16.959,18.222,18.15066667,11.821,10.095,13.135,11.68366667,,,,,,,
D094,max,18,C,10/5/22,7:12 PM,11:12 AM,16,7-12%,37.7,38.7,38.2,5.43,4.7,0.055,0.785,0.144567219,,,,,12.197,12.424,11.662,12.09433333,75.787,76.369,80.552,77.56933333,,,,,,,
D095,max,18,C,10/5/22,7:12 PM,11:12 AM,16,7-12%,37.7,38.7,38.2,4.88,4.425,0.06,0.515,0.105532787,,,,,12.757,12.914,12.14,12.60366667,77.058,77.715,80.825,78.53266667,,,,,,,
D096,min,20,S,10/10/22,8:34 PM,12:34 PM,16,7-11%,38.2,38.8,38.5,6.21,5.5996,0.0313,0.6417,0.103333333,,,,,23.317,16.175,21.864,20.452,15.288,7.448,14.786,12.50733333,,,,,,,
D097,max,18,C,10/10/22,8:34 PM,12:34 PM,16,7-11%,38.2,38.8,38.5,6.22,5.6361,0.0589,0.6428,0.103344051,,,,,13.06,13.274,12.772,13.03533333,77.395,76.72,81.238,78.451,,,,,,,
D098,med,20,C,10/10/22,8:34 PM,12:34 PM,16,7-11%,38.2,38.8,38.5,8.14,7.6939,0.0724,0.5185,0.063697789,,,,,13.605,13.11,13.251,13.322,61.212,56.756,63.471,60.47966667,,,,,,,
D099,max,18,C,10/10/22,8:34 PM,12:34 PM,16,7-11%,38.2,38.8,38.5,4.75,4.1378,0.0061,0.6183,0.130168421,,,,,10.188,10.332,9.324,9.948,81.453,82.348,86.042,83.281,,,,,,,
D100,med,20,C,10/10/22,8:34 PM,12:34 PM,16,7-11%,38.2,38.8,38.5,7.55,7.022,0.1034,0.6314,0.083629139,,,,,14.954,14.32,14.131,14.46833333,64.648,58.693,65.154,62.83166667,,,,,,,
D101,max,18,C,10/10/22,8:34 PM,12:34 PM,16,7-11%,38.2,38.8,38.5,4.43,4.1284,0.013,0.3146,0.071015801,,,,,11.292,11.453,10.806,11.18366667,77.894,77.668,81.422,78.99466667,,,,,,,
D102,min,20,S,10/10/22,8:34 PM,12:34 PM,16,7-11%,38.2,38.8,38.5,4.77,4.3302,0.0618,0.5016,0.105157233,,,,,22.851,19.894,21.267,21.33733333,13.468,9.823,14.283,12.52466667,,,,,,,
D103,min,18,S,10/10/22,8:34 PM,12:34 PM,16,7-11%,38.2,38.8,38.5,4.87,4.4469,0.0582,0.4813,0.098829569,,,,,24.658,18.465,19.768,20.96366667,17.69,8.652,11.378,12.57333333,,,,,,,
D104,min,20,S,10/10/22,8:34 PM,12:34 PM,16,7-11%,38.2,38.8,38.5,4.88,4.1146,0.0301,0.7955,0.163012295,,,,,19.36,15.123,16.713,17.06533333,14.453,10.529,13.763,12.915,,,,,,,
D105,med,20,C,10/10/22,8:34 PM,12:34 PM,16,7-11%,38.2,38.8,38.5,7.99,7.4409,0.1013,0.6504,0.081401752,,,,,20.509,17.491,18.333,18.77766667,41.206,29.155,36.094,35.485,,,,,,,
D106,med,17,S,10/11/22,4:39 PM,8:45 AM,16,7-11%,38.1,38.6,38.35,2.6669,2.3182,0.0028,0.3515,0.131800967,316,315,-1,,16.685,14.667,15.837,15.72966667,39.425,33.197,40.419,37.68033333,,,,,,,
D107,min,18,S,10/11/22,4:39 PM,8:45 AM,16,7-11%,38.1,38.6,38.35,3.2656,2.8578,0,0.4078,0.124877511,344,350,6,,18.885,16.748,20.133,18.58866667,13.847,12.243,19.498,15.196,,,,,,,
D108,min,18,S,10/11/22,4:39 PM,8:45 AM,16,7-11%,38.1,38.6,38.35,3.4491,2.8536,0.0208,0.6163,0.178684294,331,335,4,,24.387,17.192,21.407,20.99533333,11.969,6.249,10.708,9.642,,,,,,,
D109,max,17,C,10/11/22,4:39 PM,8:45 AM,16,7-11%,38.1,38.6,38.35,2.3518,2.0543,0.0095,0.307,0.130538311,340,353,13,,10.514,10.837,10.11,10.487,81.663,82.091,84.778,82.844,,,,,,,
D110,max,17,C,10/11/22,4:39 PM,8:45 AM,16,7-11%,38.1,38.6,38.35,2.5479,2.2069,0,0.341,0.133835708,340,344,4,,13.378,"13,517",12.924,4514.434,77.768,77.744,83.085,79.53233333,,,,,,,
D111,min,19,S,10/12/22,7:35 PM,11:35 AM,16,7-12%,37.6,38.2,37.9,4.16,3.8,0.055,0.415,0.099759615,,,,,22.006,21.002,21.882,21.63,10.924,9.989,15.064,11.99233333,,,,,,,
D112,med,20,C,10/12/22,7:35 PM,11:35 AM,16,7-12%,37.6,38.2,37.9,7.62,7.06,0.09,0.65,0.085301837,,,,,15.13,15.01,14.417,14.85233333,62.61,57.802,62.805,61.07233333,,,,,,,
D113,med,20,C,10/12/22,7:35 PM,11:35 AM,16,7-12%,37.6,38.2,37.9,6.57,6.02,0.06,0.61,0.092846271,,,,,15.04,14.297,14.56,14.63233333,64.005,57.848,65.346,62.39966667,,,,,,,
D114,min,19,S,10/12/22,7:35 PM,11:35 AM,16,7-12%,37.6,38.2,37.9,5.47,4.94,0.065,0.595,0.108775137,,,,,17.224,16.372,18.265,17.287,13.479,13.491,19.058,15.34266667,,,,,,,
D115,min,18,S,10/12/22,7:35 PM,11:35 AM,16,7-12%,37.6,38.2,37.9,3.18,2.8,0.003,0.383,0.120440252,,,,,18.665,17.208,18.638,18.17033333,21.229,18.82,25.879,21.976,,,,,,,
D116,max,19,C,10/12/22,7:35 PM,11:35 AM,16,7-12%,37.6,38.2,37.9,3.04,2.7,0,0.34,0.111842105,,,,cup was tipped over while in dessication chamber,13.749,14.095,13.492,13.77866667,73.933,74.196,77.879,75.336,,,,,,,
D117,max,19,C,10/12/22,7:35 PM,11:35 AM,16,7-12%,37.6,38.2,37.9,4.66,4.32,0.03,0.37,0.079399142,,,,,12.178,12.474,11.685,12.11233333,82.156,82.344,84.827,83.109,,,,,,,
D118,min,20,S,10/12/22,7:35 PM,11:35 AM,16,7-12%,37.6,38.2,37.9,6.63,6.01,0.11,0.73,0.110105581,,,,,23.218,20.914,22.332,22.15466667,30.714,18.826,28.201,25.91366667,,,,,,,
D119,med,20,S,10/12/22,7:35 PM,11:35 AM,16,7-12%,37.6,38.2,37.9,5.68,4.58,0.005,1.105,0.194542254,,,,,18.531,17.798,18.171,18.16666667,52.953,45.606,53.668,50.74233333,,,,,,,
D120,max,19,C,10/12/22,7:35 PM,11:35 AM,16,7-12%,37.6,38.2,37.9,4.62,4.24,0.035,0.415,0.08982684,,,,,10.97,11.288,10.439,10.899,87.208,87.562,88.912,87.894,,,,,,,
D121,min,20,S,10/18/22,6:33 PM,10:33 AM,16,7-11%,38,38.6,,1.67,1.47,0.005,0.205,0.122754491,,,,,21.52,19.633,23.441,21.53133333,20.05,17.641,37.56,25.08366667,,,,,,,
D122,med,20,C,10/18/22,6:33 PM,10:33 AM,16,7-11%,38,38.6,38.3,5.34,4.88,0.043,0.503,0.094194757,,,,,15.161,14.888,14.673,14.90733333,59.941,55.74,62.747,59.476,,,,,,,
D123,med,20,C,10/18/22,6:33 PM,10:33 AM,16,7-11%,38,38.6,38.3,5.56,4.59,0.01,0.98,0.176258993,,,,,17.993,17.56,17.544,17.699,64.318,52.643,60.445,59.13533333,,,,,,,
D124,min,19,S,10/18/22,6:33 PM,10:33 AM,16,7-11%,38,38.6,38.3,3.81,3.38,0.08,0.51,0.133858268,,,,,25.014,20.837,23.439,23.09666667,18.319,10.413,18.991,15.90766667,,,,,,,
D125,min,20,S,10/18/22,6:33 PM,10:33 AM,16,7-11%,38,38.6,38.3,4.21,3.32,0.003,0.893,0.212114014,,,,,19.875,16.106,18.465,18.14866667,25.461,17.629,24.49,22.52666667,,,,,,,
D126,med,19,C,10/18/22,6:33 PM,10:33 AM,16,7-11%,38,38.6,38.3,7.27,6.64,0.047,0.677,0.093122421,,,,,12.768,12.766,12.207,12.58033333,67.572,66.511,72.354,68.81233333,,,,,,,
D127,max,20,C,10/18/22,6:33 PM,10:33 AM,16,7-11%,38,38.6,38.3,5.54,4.95,0.045,0.635,0.114620939,,,,,13.958,14.254,13.618,13.94333333,74.598,73.819,80.311,76.24266667,,,,,,,
D128,med,20,C,10/18/22,6:33 PM,10:33 AM,16,7-11%,38,38.6,38.3,6.51,5.69,0.07,0.89,0.13671275,,,,,13.58,13.821,12.89,13.43033333,70.327,69.07,73.971,71.12266667,,,,,,,
D129,max,20,C,10/18/22,6:33 PM,10:33 AM,16,7-11%,38,38.6,38.3,3.1,2.83,0.03,0.3,0.096774194,,,,,11.723,11.997,11.008,11.576,80.935,81.425,83.913,82.091,,,,,,,
D130,max,18,C,10/18/22,6:33 PM,10:33 AM,16,7-11%,38,38.6,38.3,4.06,3.67,0.013,0.403,0.099261084,,,,,11.998,12.249,11.765,12.004,73.334,73.946,80.122,75.80066667,,,,,,,
D131,max,18,C,10/24/22,7:05 PM,11:05 AM,16,7-11%,38,38.5,38.25,4.46,4.09,0.013,0.383,0.085874439,,,,,12.243,12.485,12.024,12.25066667,75.583,75.225,80.2,77.00266667,,,,,,,
D132,med,18,C,10/24/22,7:05 PM,11:05 AM,16,7-11%,38,38.5,38.25,3.73,3.44,0.006,0.296,0.079356568,,,,,15.22,15.354,14.861,15.145,67.983,65.633,73.026,68.88066667,,,,,,,
D133,max,20,C,10/24/22,7:05 PM,11:05 AM,16,7-11%,38,38.5,38.25,2.35,2.13,0.03,0.25,0.106382979,,,,,10.924,11.278,10.599,10.93366667,83.322,84.675,88.544,85.51366667,,,,,,,
D134,med,20,C,10/24/22,7:05 PM,11:05 AM,16,7-11%,38,38.5,38.25,4.55,4.18,0.05,0.42,0.092307692,,,,,18.587,16.813,17.564,17.65466667,48.215,39.501,48.137,45.28433333,,,,,,,
D135,min,20,S,10/24/22,7:05 PM,11:05 AM,16,7-11%,38,38.5,38.25,4.85,4.09,0.013,0.773,0.159381443,,,,,26.516,20.863,25.361,24.24666667,15.326,6.566,14.503,12.13166667,,,,,,,
D136,min,18,S,10/24/22,7:05 PM,11:05 AM,16,7-11%,38,38.5,38.25,2.2,2,0.013,0.213,0.096818182,,,,,22.791,19.557,22.539,21.629,23.129,16.838,30.019,23.32866667,,,,,,,
D137,med,19,C,10/24/22,7:05 PM,11:05 AM,16,7-11%,38,38.5,38.25,3.29,2.99,0.017,0.317,0.096352584,,,,,13.314,13.253,13.164,13.24366667,71.089,67.809,77.112,72.00333333,,,,,,,
D138,min,18,C,10/24/22,7:05 PM,11:05 AM,16,7-11%,38,38.5,38.25,2.59,2.3,0.013,0.303,0.116988417,,,,,22.801,19.094,20.489,20.79466667,16.168,10.835,15.048,14.017,,,,,,,
D139,med,20,S,10/24/22,7:05 PM,11:05 AM,16,7-11%,38,38.5,38.25,4.68,4.15,0.05,0.58,0.123931624,,,,,18.174,17.191,17.269,17.54466667,44.745,38.538,45.697,42.99333333,,,,,,,
D140,max,20,C,10/24/22,7:05 PM,11:05 AM,16,7-11%,38,38.5,38.25,3.62,3.33,0.04,0.33,0.091160221,,,,,12.192,12.428,11.557,12.059,82.631,82.24,85.786,83.55233333,,,,,,,
D141,max,19,C,10/26/22,7:34 PM,11:34 AM,16,9-16%,37.9,38.4,38.15,1.97,1.8,0.0072,0.1772,0.089949239,,,,,11.281,11.54,10.786,11.20233333,83.358,84.134,88.4,85.29733333,,,,,,,
D142,min,20,S,10/26/22,7:34 PM,11:34 AM,16,9-16%,37.9,38.4,38.15,1.7,1.26,0.009,0.449,0.264117647,,,,,24.607,22.054,25.194,23.95166667,11.377,8.93,21.321,13.876,,,,,,,
D143,med,20,S,10/26/22,7:34 PM,11:34 AM,16,9-16%,37.9,38.4,38.15,3.04,2.73,0.025,0.335,0.110197368,,,,,22.56,21.258,21.89,21.90266667,37.072,28.78,41.869,35.907,,,,,,,
D144,min,20,C,10/26/22,7:34 PM,11:34 AM,16,9-16%,37.9,38.4,38.15,4.91,4.25,0.041,0.701,0.142769857,,,,,22.979,19.98,21.877,21.612,29.579,17.75,27.845,25.058,,,,,,,
D145,med,20,C,10/26/22,7:34 PM,11:34 AM,16,9-16%,37.9,38.4,38.15,6.84,6.35,0.052,0.542,0.079239766,,,,,14.722,14.878,14.182,14.594,78.192,74.221,80.066,77.493,,,,,,,
D146,med,20,C,10/26/22,7:34 PM,11:34 AM,16,9-16%,37.9,38.4,38.15,3.47,3.17,0.038,0.338,0.09740634,,,,,13.37,13.532,12.641,13.181,75.697,74.945,80.72,77.12066667,,,,,,,
D147,med,19,C,10/26/22,7:34 PM,11:34 AM,16,9-16%,37.9,38.4,38.15,5.2,4.64,0.071,0.631,0.121346154,,,,,11.098,11.127,10.137,10.78733333,81.055,80.528,85.38,82.321,,,,,,,
D148,min,18,S,10/26/22,7:34 PM,11:34 AM,16,9-16%,37.9,38.4,38.15,1.57,1.41,0.013,0.173,0.110191083,,,,,24.375,22.525,23.285,23.395,23.006,14.587,24.294,20.629,,,,,,,
D149,min,20,S,10/26/22,7:34 PM,11:34 AM,16,9-16%,37.9,38.4,38.15,1.57,1.43,0.0021,0.1421,0.090509554,,,,,22.234,18.911,21.321,20.822,9.333,6.997,11.521,9.283666667,,,,,,,
D150,max,19,C,10/26/22,7:34 PM,11:34 AM,16,9-16%,37.9,38.4,38.15,3.22,2.89,0.036,0.366,0.113664596,,,,,10.978,11.204,10.542,10.908,83.93,83.463,86.646,84.67966667,,,,,,,